weekday,average_revenue,average_count
0,1.19353616113,7237
1,1.18679757729,7916
2,1.17336046299,7955
3,1.23626286786,7275
4,1.26465733953,6441
5,1.26445064948,4848
6,1.20826917322,5083
